product_name,product_code,product_category,product_sub_category,regular_unit_price(inr),regular_unit_cost(inr),stock_control_mode,cashier_price_change_enable,barcode,tax_code,safety_stock_level,product_status,terminal,
4 SACHET,SAT2,TABLETS,,31.45,0,ON,OFF,,N/A,0,ENABLE,SP15499060,
4LW SACHET,SAT1,TABLETS,,25.4,0,ON,OFF,,N/A,0,ENABLE,SP15499060,
86DSR,CAP1,TABLETS,,89,0,ON,OFF,,N/A,0,ENABLE,SP15499060,
ACEBEL- SR-200,TAB1,TABLETS,,70,0,ON,OFF,,N/A,0,ENABLE,SP15499060,
ACEMARC SR,TAB2,TABLETS,,66,0,ON,OFF,,N/A,0,ENABLE,SP15499060,
ACEMARC T4,TAB3,TABLETS,,159,0,ON,OFF,,N/A,0,ENABLE,SP15499060,
ACETAC-S,TAB4,TABLETS,,79,0,ON,OFF,,N/A,0,ENABLE,SP15499060,
ACEZIT-SR,TAB5,TABLETS,,0,0,ON,OFF,,N/A,0,ENABLE,SP15499060,
ACIGUL GEL,GEL1,GELS,,0,0,ON,OFF,,N/A,0,ENABLE,SP15499060,
ACLOFEN D,TAB6,TABLETS,,80,0,ON,OFF,,N/A,0,ENABLE,SP15499060,
ACTICEF 200,TAB7,TABLETS,,0,0,ON,OFF,,N/A,0,ENABLE,SP15499060,
ACTISEF -O,TAB8,TABLETS,,0,0,ON,OFF,,N/A,0,ENABLE,SP15499060,
ADVIN,TAB9,TABLETS,,0,0,ON,OFF,,N/A,0,ENABLE,SP15499060,
AFLAZE-6,TAB10,TABLETS,,0,0,ON,OFF,,N/A,0,ENABLE,SP15499060,
ALBISONE INJECTION,INJ1,INJECTION,,38.3,0,ON,OFF,,N/A,0,ENABLE,SP15499060,
ALL  KNEE TEB,TAB11,TABLETS,,149,0,ON,OFF,,N/A,0,ENABLE,SP15499060,
ALNEURO -800,TAB12,TABLETS,,145,0,ON,OFF,,N/A,0,ENABLE,SP15499060,
ALNEURO-PLUS,TAB13,TABLETS,,625,0,ON,OFF,,N/A,0,ENABLE,SP15499060,
ALPA-650,TAB14,TABLETS,,18.7,0,ON,OFF,,N/A,0,ENABLE,SP15499060,
ALQUIT L,TAB15,TABLETS,,30,0,ON,OFF,,N/A,0,ENABLE,SP15499060,
AMBISTRYN-SO.75G INJECTION,INJ2,INJECTION,,8.64,0,ON,OFF,,N/A,0,ENABLE,SP15499060,
AMIFAST PLUS SYRUP,SYP1,SYRUP,,45,0,ON,OFF,,N/A,0,ENABLE,SP15499060,
AMITO 500 INJECTION,INJ3,INJECTION,,0,0,ON,OFF,,N/A,0,ENABLE,SP15499060,
ANAFOTAN INJECTION,INJ4,INJECTION,,21.43,0,ON,OFF,,N/A,0,ENABLE,SP15499060,
ANAWIN 0.5,INJ5,INJECTION,,79.25,0,ON,OFF,,N/A,0,ENABLE,SP15499060,
ANAWIN HEAVY,INJ6,INJECTION,,26,0,ON,OFF,,N/A,0,ENABLE,SP15499060,
APROXE-100,TAB16,TABLETS,,125,0,ON,OFF,,N/A,0,ENABLE,SP15499060,
APTION SYRUP,SYP2,SYRUP,,0,0,ON,OFF,,N/A,0,ENABLE,SP15499060,
ARACHITOL,INJ7,INJECTION,,0,0,ON,OFF,,N/A,0,ENABLE,SP15499060,
ARACHITOL NANO,INJ8,INJECTION,,0,0,ON,OFF,,N/A,0,ENABLE,SP15499060,
ARM BRACE,ACC2,ACCESSORY,,0,0,ON,OFF,,N/A,0,ENABLE,SP15499060,
ARM SLING,ACC1,ACCESSORY,,340,0,ON,OFF,,N/A,0,ENABLE,SP15499060,
ARODOX-100,TAB17,TABLETS,,126,0,ON,OFF,,N/A,0,ENABLE,SP15499060,
AROLID -CF,TAB18,TABLETS,,749,0,ON,OFF,,N/A,0,ENABLE,SP15499060,
AROXIM-AZ,TAB19,TABLETS,,0,0,ON,OFF,,N/A,0,ENABLE,SP15499060,
ASLONAC -PT 4,TAB20,TABLETS,,200,0,ON,OFF,,N/A,0,ENABLE,SP15499060,
ASLONAC-T4,TAB22,TABLETS,,159,0,ON,OFF,,N/A,0,ENABLE,SP15499060,
ASP  RAVE,TAB23,TABLETS,,0,0,ON,OFF,,N/A,0,ENABLE,SP15499060,
ASTROVIT SYRUP,SYP3,SYRUP,,106,0,ON,OFF,,N/A,0,ENABLE,SP15499060,
ATROPINE INJECTION,INJ9,INJECTION,,5,0,ON,OFF,,N/A,0,ENABLE,SP15499060,
AVADOL-P,TAB24,TABLETS,,0,0,ON,OFF,,N/A,0,ENABLE,SP15499060,
AVIL INJECTION 2ML,INJ10,INJECTION,,3.1,0,ON,OFF,,N/A,0,ENABLE,SP15499060,
AVIMOL-650,TAB25,TABLETS,,29,0,ON,OFF,,N/A,0,ENABLE,SP15499060,
AVJOINT OIL,GEL2,GELS,,115,0,ON,OFF,,N/A,0,ENABLE,SP15499060,
AVSCOB LOTION,GEL23,GELS,,75,0,ON,OFF,,N/A,0,ENABLE,SP15499060,
AXEMAL 10_10,TAB26,TABLETS,,0,0,ON,OFF,,N/A,0,ENABLE,SP15499060,
AZIVIZ -500,TAB27,TABLETS,,70,0,ON,OFF,,N/A,0,ENABLE,SP15499060,
BANDY-PLUS 1TAB,TAB28,TABLETS,,0,0,ON,OFF,,N/A,0,ENABLE,SP15499060,
BANOCIDE TAB 1TAB,TAB29,TABLETS,,0,0,ON,OFF,,N/A,0,ENABLE,SP15499060,
BATABEST-16,TAB30,TABLETS,,100,0,ON,OFF,,N/A,0,ENABLE,SP15499060,
BEETONE SYP,SYP4,SYRUP,,100,0,ON,OFF,,N/A,0,ENABLE,SP15499060,
BEKASIN-500 1_1,INJ11,INJECTION,,0,0,ON,OFF,,N/A,0,ENABLE,SP15499060,
BELFIX-O,TAB31,TABLETS,,159,0,ON,OFF,,N/A,0,ENABLE,SP15499060,
BELKA-500 PCS,INJ12,INJECTION,,0,0,ON,OFF,,N/A,0,ENABLE,SP15499060,
BELTRAX 7.5,TAB32,TABLETS,,117,0,ON,OFF,,N/A,0,ENABLE,SP15499060,
BELTREX-5 1_10,TAB33,TABLETS,,0,0,ON,OFF,,N/A,0,ENABLE,SP15499060,
BELYCOOL GEL 170 ML PCA,SYP5,SYRUP,,0,0,ON,OFF,,N/A,0,ENABLE,SP15499060,
BIODIC GEL PCS,GEL3,GELS,,0,0,ON,OFF,,N/A,0,ENABLE,SP15499060,
BLADE,HOS1,HOSPITAL,,5,0,ON,OFF,,N/A,0,ENABLE,SP15499060,
BLOOD SET,HOS2,HOSPITAL,,136,0,ON,OFF,,N/A,0,ENABLE,SP15499060,
BOLFREE 1TAB,TAB34,TABLETS,,0,0,ON,OFF,,N/A,0,ENABLE,SP15499060,
BON-K2 1_10TAB,TAB37,TABLETS,,0,0,ON,OFF,,N/A,0,ENABLE,SP15499060,
BONFIX 1TAB,TAB35,TABLETS,,0,0,ON,OFF,,N/A,0,ENABLE,SP15499060,
BONICOR-LC,TAB36,TABLETS,,150,0,ON,OFF,,N/A,0,ENABLE,SP15499060,
BRUDOL MR 1_10,TAB38,TABLETS,,0,0,ON,OFF,,N/A,0,ENABLE,SP15499060,
BRUGEL GEL,GEL4,GELS,,130.84,0,ON,OFF,,N/A,0,ENABLE,SP15499060,
BUTRUM 1MG,INJ13,INJECTION,,22.81,0,ON,OFF,,N/A,0,ENABLE,SP15499060,
BUTRUM 2MG,INJ14,INJECTION,,41.63,0,ON,OFF,,N/A,0,ENABLE,SP15499060,
CA PLUS   SACHET PCS,SAT3,TABLETS,,0,0,ON,OFF,,N/A,0,ENABLE,SP15499060,
CACA 1TAB,TAB39,TABLETS,,0,0,ON,OFF,,N/A,0,ENABLE,SP15499060,
CALBONE D3,TAB40,TABLETS,,218,0,ON,OFF,,N/A,0,ENABLE,SP15499060,
CALBONE-K2 CAP 1_15,CAP2,TABLETS,,0,0,ON,OFF,,N/A,0,ENABLE,SP15499060,
CALDIC 1TAB,TAB41,TABLETS,,0,0,ON,OFF,,N/A,0,ENABLE,SP15499060,
CALDIKAIND PLUS 1TAB,TAB42,TABLETS,,0,0,ON,OFF,,N/A,0,ENABLE,SP15499060,
CALIBREX K2,CAP3,TABLETS,,150,0,ON,OFF,,N/A,0,ENABLE,SP15499060,
CALIBREX-CT,TAB43,TABLETS,,73,0,ON,OFF,,N/A,0,ENABLE,SP15499060,
CALVIT SYRUP 12 200ML,SYP6,SYRUP,,0,0,ON,OFF,,N/A,0,ENABLE,SP15499060,
CALVIT-K2 1TAB,TAB46,TABLETS,,0,0,ON,OFF,,N/A,0,ENABLE,SP15499060,
CALVIT-LC,TAB47,TABLETS,,120,0,ON,OFF,,N/A,0,ENABLE,SP15499060,
CALZIWAY,SYP7,SYRUP,,115,0,ON,OFF,,N/A,0,ENABLE,SP15499060,
CALZIWAY -K2,CAP4,TABLETS,,220,0,ON,OFF,,N/A,0,ENABLE,SP15499060,
CATHETER 12NO.,HOS3,HOSPITAL,,0,0,ON,OFF,,N/A,0,ENABLE,SP15499060,
CATHETER 14NO.,HOS4,HOSPITAL,,0,0,ON,OFF,,N/A,0,ENABLE,SP15499060,
CATHETER FG-10 1_1,HOS5,HOSPITAL,,0,0,ON,OFF,,N/A,0,ENABLE,SP15499060,
CEFAKIND-250,TAB48,TABLETS,,157.3,0,ON,OFF,,N/A,0,ENABLE,SP15499060,
CEFBACT-T 1GM PCS,INJ15,INJECTION,,0,0,ON,OFF,,N/A,0,ENABLE,SP15499060,
CEFISUCH LZL 1_10TAB,TAB49,TABLETS,,0,0,ON,OFF,,N/A,0,ENABLE,SP15499060,
CEFIWOK-XL 200 1TAB,TAB50,TABLETS,,0,0,ON,OFF,,N/A,0,ENABLE,SP15499060,
CEFOMARC PLUS,TAB51,TABLETS,,120,0,ON,OFF,,N/A,0,ENABLE,SP15499060,
CEFONIX-LZL 1_10TAB,TAB52,TABLETS,,0,0,ON,OFF,,N/A,0,ENABLE,SP15499060,
CEFPAR-SB 1.5g 1_1,INJ16,INJECTION,,0,0,ON,OFF,,N/A,0,ENABLE,SP15499060,
CEFUWIN-500 1_6,TAB53,TABLETS,,0,0,ON,OFF,,N/A,0,ENABLE,SP15499060,
CEPOVEX-100DT 1_10TAB,TAB54,TABLETS,,0,0,ON,OFF,,N/A,0,ENABLE,SP15499060,
CEROM 250MG 1_10TAB,TAB55,TABLETS,,0,0,ON,OFF,,N/A,0,ENABLE,SP15499060,
CETOLIDE - AQ INJECTION 1ML,INJ17,INJECTION,,0,0,ON,OFF,,N/A,0,ENABLE,SP15499060,
CETOLIDE-ACS,TAB56,TABLETS,,82.88,0,ON,OFF,,N/A,0,ENABLE,SP15499060,
CHLOMO-P 1TAB,TAB57,TABLETS,,0,0,ON,OFF,,N/A,0,ENABLE,SP15499060,
CIFITOP-O 1_10,TAB58,TABLETS,,0,0,ON,OFF,,N/A,0,ENABLE,SP15499060,
CIFOTREX PLUS,TAB59,TABLETS,,185,0,ON,OFF,,N/A,0,ENABLE,SP15499060,
CLASZOLIN-600,TAB60,TABLETS,,138.5,0,ON,OFF,,N/A,0,ENABLE,SP15499060,
CLAVICAL BRACE,HOS6,HOSPITAL,,400,0,ON,OFF,,N/A,0,ENABLE,SP15499060,
CO-BAL MV 2ML,INJ18,INJECTION,,50,0,ON,OFF,,N/A,0,ENABLE,SP15499060,
CO-CAL CC,TAB62,TABLETS,,60,0,ON,OFF,,N/A,0,ENABLE,SP15499060,
CO-DASE FORT TAB,TAB63,TABLETS,,0,0,ON,OFF,,N/A,0,ENABLE,SP15499060,
CO-DASE FORTE 1_10TAB,TAB181,TABLETS,,0,0,ON,OFF,,N/A,0,ENABLE,SP15499060,
CO-ZYME 1TAB,TAB68,TABLETS,,0,0,ON,OFF,,N/A,0,ENABLE,SP15499060,
CO2H 1_10TAB,TAB61,TABLETS,,0,0,ON,OFF,,N/A,0,ENABLE,SP15499060,
CODESOFT,TAB64,TABLETS,,215,0,ON,OFF,,N/A,0,ENABLE,SP15499060,
COECORTT 30 1TAB,TAB65,TABLETS,,0,0,ON,OFF,,N/A,0,ENABLE,SP15499060,
COMBIFEN GEL,GEL5,GELS,,67.5,0,ON,OFF,,N/A,0,ENABLE,SP15499060,
COMBINAC HOT GEL 30G,GEL6,GELS,,0,0,ON,OFF,,N/A,0,ENABLE,SP15499060,
COMBINAC-S,TAB66,TABLETS,,75,0,ON,OFF,,N/A,0,ENABLE,SP15499060,
COMPICARE-XL 1_10TAB,TAB67,TABLETS,,0,0,ON,OFF,,N/A,0,ENABLE,SP15499060,
CREPE BANDAGE  4ini,ACC4,ACCESSORY,,150,0,ON,OFF,,N/A,0,ENABLE,SP15499060,
CREPE BANDAGE 3in,ACC5,ACCESSORY,,160,0,ON,OFF,,N/A,0,ENABLE,SP15499060,
CREPE BANDAGE 6in,ACC3,ACCESSORY,,300,0,ON,OFF,,N/A,0,ENABLE,SP15499060,
CROMACEF 250 1TAB,TAB69,TABLETS,,0,0,ON,OFF,,N/A,0,ENABLE,SP15499060,
CROMACEF-500,TAB70,TABLETS,,450,0,ON,OFF,,N/A,0,ENABLE,SP15499060,
CUFDEX SYP,SYP8,SYRUP,,0,0,ON,OFF,,N/A,0,ENABLE,SP15499060,
CYKA-TH 1TAB,TAB71,TABLETS,,0,0,ON,OFF,,N/A,0,ENABLE,SP15499060,
CYMATE PLUS INJECTION PCS,INJ19,INJECTION,,0,0,ON,OFF,,N/A,0,ENABLE,SP15499060,
CYNOCAL-LC 1TAB,TAB72,TABLETS,,0,0,ON,OFF,,N/A,0,ENABLE,SP15499060,
CYTOROSE SYRUP 200ML,SYP9,SYRUP,,0,0,ON,OFF,,N/A,0,ENABLE,SP15499060,
CYTOVERT-16 1_10TAB,TAB73,TABLETS,,0,0,ON,OFF,,N/A,0,ENABLE,SP15499060,
D-Up SACHET 1_1,SAT4,TABLETS,,0,0,ON,OFF,,N/A,0,ENABLE,SP15499060,
D.F.O.4X,GEL8,GELS,,0,0,ON,OFF,,N/A,0,ENABLE,SP15499060,
D3 CC 60K  CAP 1_4,CAP5,TABLETS,,0,0,ON,OFF,,N/A,0,ENABLE,SP15499060,
D3 MUST DROPS,SYP10,SYRUP,,38.64,0,ON,OFF,,N/A,0,ENABLE,SP15499060,
DAZZLE OIL,GEL7,GELS,,110,0,ON,OFF,,N/A,0,ENABLE,SP15499060,
DDDD 1_4TAB,TAB74,TABLETS,,0,0,ON,OFF,,N/A,0,ENABLE,SP15499060,
DEFORZ 1_10,TAB75,TABLETS,,0,0,ON,OFF,,N/A,0,ENABLE,SP15499060,
DEFZAC-6,TAB76,TABLETS,,46,0,ON,OFF,,N/A,0,ENABLE,SP15499060,
DEGRAM -O,TAB77,TABLETS,,115,0,ON,OFF,,N/A,0,ENABLE,SP15499060,
DEPO-MEDROL 2ML,INJ20,INJECTION,,0,0,ON,OFF,,N/A,0,ENABLE,SP15499060,
DEPORED-4 1TAB,TAB78,TABLETS,,0,0,ON,OFF,,N/A,0,ENABLE,SP15499060,
DERIPHYLLIN INJECTION 2ML,INJ21,INJECTION,,5.7,0,ON,OFF,,N/A,0,ENABLE,SP15499060,
DERIPHYLLIN RETARD 300,TAB79,TABLETS,,35.4,0,ON,OFF,,N/A,0,ENABLE,SP15499060,
DEVEGESIC  SR 1_10,TAB80,TABLETS,,0,0,ON,OFF,,N/A,0,ENABLE,SP15499060,
DEXASONA INJECTION,INJ22,INJECTION,,10.21,0,ON,OFF,,N/A,0,ENABLE,SP15499060,
DIACEF -CV,TAB81,TABLETS,,690,0,ON,OFF,,N/A,0,ENABLE,SP15499060,
DICDASE TOTAL 1_10TAB,TAB82,TABLETS,,0,0,ON,OFF,,N/A,0,ENABLE,SP15499060,
DIGINOX SYRUP 200ML,SYP11,SYRUP,,0,0,ON,OFF,,N/A,0,ENABLE,SP15499060,
DISPO VAN 10ML,HOS7,HOSPITAL,,10,0,ON,OFF,,N/A,0,ENABLE,SP15499060,
DISPO VAN 20ML,HOS8,HOSPITAL,,20,0,ON,OFF,,N/A,0,ENABLE,SP15499060,
DISPO VAN 3ML,HOS9,HOSPITAL,,3,0,ON,OFF,,N/A,0,ENABLE,SP15499060,
DISPO VAN 5ML,HOS10,HOSPITAL,,5,0,ON,OFF,,N/A,0,ENABLE,SP15499060,
DNS INJECTION 500ML,INJ23,INJECTION,,33.64,0,ON,OFF,,N/A,0,ENABLE,SP15499060,
DOLVIUM 1_10,TAB83,TABLETS,,0,0,ON,OFF,,N/A,0,ENABLE,SP15499060,
DRIPSET,HOS11,HOSPITAL,,138,0,ON,OFF,,N/A,0,ENABLE,SP15499060,
DUROCAST 4in,HOS12,HOSPITAL,,0,0,ON,OFF,,N/A,0,ENABLE,SP15499060,
DZOR-B 1TAB,TAB84,TABLETS,,0,0,ON,OFF,,N/A,0,ENABLE,SP15499060,
DZorB CAP 1_4,CAP6,TABLETS,,0,0,ON,OFF,,N/A,0,ENABLE,SP15499060,
EQUIREX 1TAB,TAB85,TABLETS,,0,0,ON,OFF,,N/A,0,ENABLE,SP15499060,
ERA - D 1TAB,TAB86,TABLETS,,0,0,ON,OFF,,N/A,0,ENABLE,SP15499060,
ERAMADL-2 1TAB,TAB87,TABLETS,,0,0,ON,OFF,,N/A,0,ENABLE,SP15499060,
ERAMADOL 1_10TAB,TAB88,TABLETS,,0,0,ON,OFF,,N/A,0,ENABLE,SP15499060,
ESOZ .TAB 1_15,TAB89,TABLETS,,0,0,ON,OFF,,N/A,0,ENABLE,SP15499060,
ETHOT-MR 1TAB,TAB90,TABLETS,,0,0,ON,OFF,,N/A,0,ENABLE,SP15499060,
EVI-D3 Cap,CAP7,TABLETS,,104,0,ON,OFF,,N/A,0,ENABLE,SP15499060,
EVOPIC-250,TAB91,TABLETS,,42.5,0,ON,OFF,,N/A,0,ENABLE,SP15499060,
EXIVIT 1_10TAB,TAB92,TABLETS,,0,0,ON,OFF,,N/A,0,ENABLE,SP15499060,
FABULON 1_10TAB,TAB93,TABLETS,,0,0,ON,OFF,,N/A,0,ENABLE,SP15499060,
FEBUMED 40 1TAB,TAB94,TABLETS,,0,0,ON,OFF,,N/A,0,ENABLE,SP15499060,
FEROMIC -500 INJECTION,INJ24,INJECTION,,90,0,ON,OFF,,N/A,0,ENABLE,SP15499060,
FIXILIX-OZ 1_10,TAB95,TABLETS,,0,0,ON,OFF,,N/A,0,ENABLE,SP15499060,
Flamheal 1_10,TAB96,TABLETS,,0,0,ON,OFF,,N/A,0,ENABLE,SP15499060,
FLAMI-POP 6 (RAPIDORE),HOS13,HOSPITAL,,0,0,ON,OFF,,N/A,0,ENABLE,SP15499060,
FLAMI-POP 6 (RAPIDUR),TAB21,TABLETS,,90,0,ON,OFF,,N/A,0,ENABLE,SP15499060,
FLEXABENZ PLUS 1_10,TAB97,TABLETS,,0,0,ON,OFF,,N/A,0,ENABLE,SP15499060,
FLEXIBEL - DGM,TAB98,TABLETS,,186,0,ON,OFF,,N/A,0,ENABLE,SP15499060,
FLEXIBEL GEL,GEL9,GELS,,95,0,ON,OFF,,N/A,0,ENABLE,SP15499060,
FLOXWIN CF,SYP12,SYRUP,,72,0,ON,OFF,,N/A,0,ENABLE,SP15499060,
FLUTAG-150 1TAB,TAB99,TABLETS,,0,0,ON,OFF,,N/A,0,ENABLE,SP15499060,
FLUTOL-IT-200,TAB100,TABLETS,,250,0,ON,OFF,,N/A,0,ENABLE,SP15499060,
FYBRICA-40,TAB101,TABLETS,,79.9,0,ON,OFF,,N/A,0,ENABLE,SP15499060,
FYTO 1TAB,TAB102,TABLETS,,0,0,ON,OFF,,N/A,0,ENABLE,SP15499060,
G2LAX PCS,SYP13,SYRUP,,0,0,ON,OFF,,N/A,0,ENABLE,SP15499060,
GABANERVE,TAB103,TABLETS,,145,0,ON,OFF,,N/A,0,ENABLE,SP15499060,
GABAPRESS NT 1_10,TAB104,TABLETS,,0,0,ON,OFF,,N/A,0,ENABLE,SP15499060,
GABTIN-NT,TAB105,TABLETS,,190,0,ON,OFF,,N/A,0,ENABLE,SP15499060,
GASTRACID TESTY  LIQUID 1_1,SYP14,SYRUP,,0,0,ON,OFF,,N/A,0,ENABLE,SP15499060,
GB-29 SR,TAB106,TABLETS,,132,0,ON,OFF,,N/A,0,ENABLE,SP15499060,
GIBINOR 1_10TAB,TAB107,TABLETS,,0,0,ON,OFF,,N/A,0,ENABLE,SP15499060,
GLOOPLAST 3in,HOS14,HOSPITAL,,0,0,ON,OFF,,N/A,0,ENABLE,SP15499060,
GLOTULLE-C,HOS15,HOSPITAL,,36,0,ON,OFF,,N/A,0,ENABLE,SP15499060,
GLOVES A1,HOS16,HOSPITAL,,54,0,ON,OFF,,N/A,0,ENABLE,SP15499060,
GLOVES A2,HOS17,HOSPITAL,,42.48,0,ON,OFF,,N/A,0,ENABLE,SP15499060,
GLOVES A3,HOS18,HOSPITAL,,105,0,ON,OFF,,N/A,0,ENABLE,SP15499060,
GORAB  CAP 1_10,CAP8,TABLETS,,0,0,ON,OFF,,N/A,0,ENABLE,SP15499060,
GUDGESIC-TH4 1_10,TAB108,TABLETS,,0,0,ON,OFF,,N/A,0,ENABLE,SP15499060,
GYPSONA RAPIDUR 6in,TAB45,TABLETS,,0,0,ON,OFF,,N/A,0,ENABLE,SP15499060,
GYPSONA RAPIDURE 4in,TAB44,TABLETS,,0,0,ON,OFF,,N/A,0,ENABLE,SP15499060,
GYPSONA REPIDOR 6in,HOS20,HOSPITAL,,167,0,ON,OFF,,N/A,0,ENABLE,SP15499060,
GYPSONA REPIDORE 4in,HOS19,HOSPITAL,,140,0,ON,OFF,,N/A,0,ENABLE,SP15499060,
HARD COLLAR,ACC6,ACCESSORY,,0,0,ON,OFF,,N/A,0,ENABLE,SP15499060,
HCQUIN-200,TAB109,TABLETS,,60,0,ON,OFF,,N/A,0,ENABLE,SP15499060,
HEXACAINE 2in,INJ25,INJECTION,,0,0,ON,OFF,,N/A,0,ENABLE,SP15499060,
HIFANAC TH8 1_10TAB,TAB110,TABLETS,,0,0,ON,OFF,,N/A,0,ENABLE,SP15499060,
HIFENAC SR 1_10TAB,TAB111,TABLETS,,0,0,ON,OFF,,N/A,0,ENABLE,SP15499060,
HUMOFIX-OZ,TAB112,TABLETS,,135,0,ON,OFF,,N/A,0,ENABLE,SP15499060,
HUMOVIN-P,TAB113,TABLETS,,150,0,ON,OFF,,N/A,0,ENABLE,SP15499060,
HYGID-DSR 1TAB,TAB114,TABLETS,,0,0,ON,OFF,,N/A,0,ENABLE,SP15499060,
IBUGESIC APS 1_10,TAB115,TABLETS,,0,0,ON,OFF,,N/A,0,ENABLE,SP15499060,
IBUGESIC NANO GEL 30GM 30G,GEL10,GELS,,0,0,ON,OFF,,N/A,0,ENABLE,SP15499060,
IGFORTE CAP,CAP9,TABLETS,,230,0,ON,OFF,,N/A,0,ENABLE,SP15499060,
INDOCAR SR 1TAB,TAB116,TABLETS,,0,0,ON,OFF,,N/A,0,ENABLE,SP15499060,
INDOMAX-SR 1_10,CAP10,TABLETS,,0,0,ON,OFF,,N/A,0,ENABLE,SP15499060,
INMECIN-R,CAP11,TABLETS,,99,0,ON,OFF,,N/A,0,ENABLE,SP15499060,
INTACIN JELLY,GEL11,GELS,,33.93,0,ON,OFF,,N/A,0,ENABLE,SP15499060,
IVAHIST-16 1TAB,TAB117,TABLETS,,0,0,ON,OFF,,N/A,0,ENABLE,SP15499060,
IVARIT-16MG 1_10,TAB118,TABLETS,,0,0,ON,OFF,,N/A,0,ENABLE,SP15499060,
JORIC P,TAB119,TABLETS,,50,0,ON,OFF,,N/A,0,ENABLE,SP15499060,
JUST RELIF OIL 60ML,GEL12,GELS,,0,0,ON,OFF,,N/A,0,ENABLE,SP15499060,
KELSICAL-D SYRUP 200ML,SYP15,SYRUP,,0,0,ON,OFF,,N/A,0,ENABLE,SP15499060,
KETAJET,INJ26,INJECTION,,109.87,0,ON,OFF,,N/A,0,ENABLE,SP15499060,
KLOJET MD 1_10,TAB121,TABLETS,,0,0,ON,OFF,,N/A,0,ENABLE,SP15499060,
KLOJET-ES 1TAB,TAB120,TABLETS,,0,0,ON,OFF,,N/A,0,ENABLE,SP15499060,
KNEE CAP A1,ACC7,ACCESSORY,,310,0,ON,OFF,,N/A,0,ENABLE,SP15499060,
KNEE CAP A2,ACC8,ACCESSORY,,250,0,ON,OFF,,N/A,0,ENABLE,SP15499060,
KNEE IMMOBILISER PCS,ACC9,ACCESSORY,,1,400,0,ON,OFF,,N/A,0,ENABLE,SP15499060
KSCARE Chlorhexidne Gauze B.P,HOS21,HOSPITAL,,60,0,ON,OFF,,N/A,0,ENABLE,SP15499060,
KWEKER OIL,GEL13,GELS,,119.99,0,ON,OFF,,N/A,0,ENABLE,SP15499060,
L S BELT,ACC10,ACCESSORY,,0,0,ON,OFF,,N/A,0,ENABLE,SP15499060,
L-BEX-OD 1_10TAB,TAB124,TABLETS,,0,0,ON,OFF,,N/A,0,ENABLE,SP15499060,
LACTULAC SYRUP,SYP16,SYRUP,,224,0,ON,OFF,,N/A,0,ENABLE,SP15499060,
LARIAGO-DS 1TAB,TAB122,TABLETS,,0,0,ON,OFF,,N/A,0,ENABLE,SP15499060,
LASILACTONE 50,TAB123,TABLETS,,40.29,0,ON,OFF,,N/A,0,ENABLE,SP15499060,
LASIX INJECTION,INJ27,INJECTION,,6.94,0,ON,OFF,,N/A,0,ENABLE,SP15499060,
LAXICON SG 1_10,CAP12,TABLETS,,0,0,ON,OFF,,N/A,0,ENABLE,SP15499060,
Lequin 500 2 1TAB,TAB126,TABLETS,,0,0,ON,OFF,,N/A,0,ENABLE,SP15499060,
LEQUIN-500 1_10TAB,TAB125,TABLETS,,0,0,ON,OFF,,N/A,0,ENABLE,SP15499060,
LEVOBACT INFUSION,INJ28,INJECTION,,110,0,ON,OFF,,N/A,0,ENABLE,SP15499060,
LEVORANGE-250,TAB127,TABLETS,,0,0,ON,OFF,,N/A,0,ENABLE,SP15499060,
LEVOX-500,TAB128,TABLETS,,67,0,ON,OFF,,N/A,0,ENABLE,SP15499060,
LIGONEX JELLY,GEL14,GELS,,31.86,0,ON,OFF,,N/A,0,ENABLE,SP15499060,
LINECA -600Mg/IV,INJ29,INJECTION,,380,0,ON,OFF,,N/A,0,ENABLE,SP15499060,
LINIT OIL,GEL15,GELS,,95,0,ON,OFF,,N/A,0,ENABLE,SP15499060,
Linzon TAB 1_6,TAB129,TABLETS,,0,0,ON,OFF,,N/A,0,ENABLE,SP15499060,
LIVE-100,SYP17,SYRUP,,135,0,ON,OFF,,N/A,0,ENABLE,SP15499060,
LIZOFORCE INJECTION 300ML,INJ30,INJECTION,,0,0,ON,OFF,,N/A,0,ENABLE,SP15499060,
LIZOFORCE SYRUP 30ML,SYP18,SYRUP,,0,0,ON,OFF,,N/A,0,ENABLE,SP15499060,
LORI PCS,INJ31,INJECTION,,0,0,ON,OFF,,N/A,0,ENABLE,SP15499060,
LOX 30ML,INJ32,INJECTION,,30.65,0,ON,OFF,,N/A,0,ENABLE,SP15499060,
LOX.2.ADRENALIN PCS,INJ33,INJECTION,,0,0,ON,OFF,,N/A,0,ENABLE,SP15499060,
LYNX INJECTION 2ML,INJ34,INJECTION,,0,0,ON,OFF,,N/A,0,ENABLE,SP15499060,
MADOL-P 1_10,TAB130,TABLETS,,0,0,ON,OFF,,N/A,0,ENABLE,SP15499060,
MANGOCID-O,SYP19,SYRUP,,75,0,ON,OFF,,N/A,0,ENABLE,SP15499060,
MD-Stron,SAT5,TABLETS,,9.55,0,ON,OFF,,N/A,0,ENABLE,SP15499060,
MECOTOP -P 1_10,CAP13,TABLETS,,0,0,ON,OFF,,N/A,0,ENABLE,SP15499060,
MEDI SPINE 23 N0. NEEDLE,HOS26,HOSPITAL,,153,0,ON,OFF,,N/A,0,ENABLE,SP15499060,
MEDIKIT 18 NO.,HOS25,HOSPITAL,,138,0,ON,OFF,,N/A,0,ENABLE,SP15499060,
MEDIKIT 20NO.,HOS24,HOSPITAL,,126,0,ON,OFF,,N/A,0,ENABLE,SP15499060,
MEDIKIT 22 No.,HOS22,HOSPITAL,,135,0,ON,OFF,,N/A,0,ENABLE,SP15499060,
MEDIKIT 24 NO.,HOS23,HOSPITAL,,126,0,ON,OFF,,N/A,0,ENABLE,SP15499060,
MEGAHEAL GEL 15G 1_1PCS,GEL16,GELS,,0,0,ON,OFF,,N/A,0,ENABLE,SP15499060,
MEGAZOLID I.V. 100ML,INJ35,INJECTION,,185,0,ON,OFF,,N/A,0,ENABLE,SP15499060,
MEGAZOLID I.V. 300ML,INJ36,INJECTION,,0,0,ON,OFF,,N/A,0,ENABLE,SP15499060,
MOLSEE 1TAB,TAB131,TABLETS,,0,0,ON,OFF,,N/A,0,ENABLE,SP15499060,
MONOCARTIL -D6,TAB132,TABLETS,,88,0,ON,OFF,,N/A,0,ENABLE,SP15499060,
MONOCARTIL-M8,TAB133,TABLETS,,53,0,ON,OFF,,N/A,0,ENABLE,SP15499060,
MONOCORTIL-M4 1TAB,TAB134,TABLETS,,0,0,ON,OFF,,N/A,0,ENABLE,SP15499060,
MONOLOC 1_1,INJ37,INJECTION,,0,0,ON,OFF,,N/A,0,ENABLE,SP15499060,
MONTENIC,TAB242,TABLETS,,131,0,ON,OFF,,N/A,0,ENABLE,SP15499060,
MOVNWAK,TAB135,TABLETS,,214,0,ON,OFF,,N/A,0,ENABLE,SP15499060,
MOXIBEL -400,TAB136,TABLETS,,98,0,ON,OFF,,N/A,0,ENABLE,SP15499060,
Mpentin 1_10,TAB137,TABLETS,,0,0,ON,OFF,,N/A,0,ENABLE,SP15499060,
MUPON OinT,GEL17,GELS,,0,0,ON,OFF,,N/A,0,ENABLE,SP15499060,
MUSTCLAV -LB,TAB138,TABLETS,,255,0,ON,OFF,,N/A,0,ENABLE,SP15499060,
MYCOBUTOL 1TAB,TAB139,TABLETS,,0,0,ON,OFF,,N/A,0,ENABLE,SP15499060,
MYCOCOX,TAB140,TABLETS,,58.11,0,ON,OFF,,N/A,0,ENABLE,SP15499060,
MYCOCOX E,TAB141,TABLETS,,53.45,0,ON,OFF,,N/A,0,ENABLE,SP15499060,
MYCONEURON SR 75 1TAB,TAB142,TABLETS,,0,0,ON,OFF,,N/A,0,ENABLE,SP15499060,
MYCONEX 800 1_10TAB,TAB143,TABLETS,,0,0,ON,OFF,,N/A,0,ENABLE,SP15499060,
MYELIN -OD 1_10,TAB144,TABLETS,,0,0,ON,OFF,,N/A,0,ENABLE,SP15499060,
MYPENTIN,TAB145,TABLETS,,128,0,ON,OFF,,N/A,0,ENABLE,SP15499060,
MYSONE-4,TAB146,TABLETS,,49.9,0,ON,OFF,,N/A,0,ENABLE,SP15499060,
NACLOMOL-MR,TAB147,TABLETS,,59.9,0,ON,OFF,,N/A,0,ENABLE,SP15499060,
NAM COLD 1_10TAB,TAB148,TABLETS,,0,0,ON,OFF,,N/A,0,ENABLE,SP15499060,
NAPAIN-GEL 1PCS,GEL18,GELS,,0,0,ON,OFF,,N/A,0,ENABLE,SP15499060,
NEEDLE 18NO.,HOS27,HOSPITAL,,0,0,ON,OFF,,N/A,0,ENABLE,SP15499060,
NEFOSAR,TAB149,TABLETS,,75,0,ON,OFF,,N/A,0,ENABLE,SP15499060,
NEORELAX MR8 1_10TAB,TAB150,TABLETS,,0,0,ON,OFF,,N/A,0,ENABLE,SP15499060,
NEOROF 1,ACC11,ACCESSORY,,0,0,ON,OFF,,N/A,0,ENABLE,SP15499060,
NEROGEL-O 1_1,GEL19,GELS,,0,0,ON,OFF,,N/A,0,ENABLE,SP15499060,
NEROVIT M,CAP14,TABLETS,,120,0,ON,OFF,,N/A,0,ENABLE,SP15499060,
NEROVIT-M  INJECTION,INJ38,INJECTION,,79,0,ON,OFF,,N/A,0,ENABLE,SP15499060,
NERVANCE SR 1_10,TAB151,TABLETS,,0,0,ON,OFF,,N/A,0,ENABLE,SP15499060,
NERVENCE 3D 1_10,TAB152,TABLETS,,0,0,ON,OFF,,N/A,0,ENABLE,SP15499060,
NERVIT -GSR,TAB153,TABLETS,,120,0,ON,OFF,,N/A,0,ENABLE,SP15499060,
NERVSENZ 1TAB,TAB154,TABLETS,,0,0,ON,OFF,,N/A,0,ENABLE,SP15499060,
NeuroKING 10_10,CAP15,TABLETS,,0,0,ON,OFF,,N/A,0,ENABLE,SP15499060,
NEUROP - M 1_10TAB,TAB155,TABLETS,,0,0,ON,OFF,,N/A,0,ENABLE,SP15499060,
NEVENCE SR 1_10,TAB156,TABLETS,,0,0,ON,OFF,,N/A,0,ENABLE,SP15499060,
NIM-SP PLUS,TAB160,TABLETS,,72,0,ON,OFF,,N/A,0,ENABLE,SP15499060,
NIMCY-P 1TAB,TAB157,TABLETS,,0,0,ON,OFF,,N/A,0,ENABLE,SP15499060,
NIMON-DT 1_10,TAB158,TABLETS,,0,0,ON,OFF,,N/A,0,ENABLE,SP15499060,
NIMON-DT 1TAB,TAB159,TABLETS,,0,0,ON,OFF,,N/A,0,ENABLE,SP15499060,
Nitzin,TAB161,TABLETS,,32,0,ON,OFF,,N/A,0,ENABLE,SP15499060,
NKACIN-500,INJ39,INJECTION,,0,0,ON,OFF,,N/A,0,ENABLE,SP15499060,
NORLIV-DS 200ML,SYP20,SYRUP,,0,0,ON,OFF,,N/A,0,ENABLE,SP15499060,
NS INJECTION 500ML,INJ40,INJECTION,,0,0,ON,OFF,,N/A,0,ENABLE,SP15499060,
NTDIP 10 TAB 1_10TAB,TAB162,TABLETS,,0,0,ON,OFF,,N/A,0,ENABLE,SP15499060,
NUANXIT 1_10TAB,TAB163,TABLETS,,0,0,ON,OFF,,N/A,0,ENABLE,SP15499060,
NUMOL MR4 1_10,TAB164,TABLETS,,0,0,ON,OFF,,N/A,0,ENABLE,SP15499060,
NUROKIND -LC 1_15,TAB165,TABLETS,,0,0,ON,OFF,,N/A,0,ENABLE,SP15499060,
ODAY-C 1TAB,TAB166,TABLETS,,0,0,ON,OFF,,N/A,0,ENABLE,SP15499060,
OFNIDA -LB 1TAB,TAB167,TABLETS,,0,0,ON,OFF,,N/A,0,ENABLE,SP15499060,
OLEUM-3M 30ML,GEL20,GELS,,80,0,ON,OFF,,N/A,0,ENABLE,SP15499060,
OLEUM-3M 60ML,GEL21,GELS,,150,0,ON,OFF,,N/A,0,ENABLE,SP15499060,
OMAXID 1_10TAB,TAB168,TABLETS,,0,0,ON,OFF,,N/A,0,ENABLE,SP15499060,
OMERAB 20 1_10TAB,TAB169,TABLETS,,0,0,ON,OFF,,N/A,0,ENABLE,SP15499060,
Omerab-DSR 1_10,CAP16,TABLETS,,0,0,ON,OFF,,N/A,0,ENABLE,SP15499060,
OMETROL K2 1_10TAB,TAB170,TABLETS,,0,0,ON,OFF,,N/A,0,ENABLE,SP15499060,
OMETROL K2 TAB,TAB171,TABLETS,,0,0,ON,OFF,,N/A,0,ENABLE,SP15499060,
OMNICEF-AZ TAB,TAB172,TABLETS,,0,0,ON,OFF,,N/A,0,ENABLE,SP15499060,
OPTILIV SYRUP 200ML,SYP21,SYRUP,,0,0,ON,OFF,,N/A,0,ENABLE,SP15499060,
OQ INJECTION 100ML,INJ41,INJECTION,,0,0,ON,OFF,,N/A,0,ENABLE,SP15499060,
ORASEP GEL PCS,GEL22,GELS,,0,0,ON,OFF,,N/A,0,ENABLE,SP15499060,
OSTEO-1 1_10TAB,TAB173,TABLETS,,0,0,ON,OFF,,N/A,0,ENABLE,SP15499060,
OSTEO-3C,CAP17,TABLETS,,245,0,ON,OFF,,N/A,0,ENABLE,SP15499060,
OTEX OZ,TAB174,TABLETS,,82.5,0,ON,OFF,,N/A,0,ENABLE,SP15499060,
OTEX OZ2 1TAB,TAB175,TABLETS,,0,0,ON,OFF,,N/A,0,ENABLE,SP15499060,
OXA 100 1_10TAB,TAB176,TABLETS,,0,0,ON,OFF,,N/A,0,ENABLE,SP15499060,
OXY-2G,TAB177,TABLETS,,110,0,ON,OFF,,N/A,0,ENABLE,SP15499060,
PA-12,TAB178,TABLETS,,54.3,0,ON,OFF,,N/A,0,ENABLE,SP15499060,
PACY MX 1_10TAB,TAB179,TABLETS,,0,0,ON,OFF,,N/A,0,ENABLE,SP15499060,
PARATOP-650 1TAB,TAB180,TABLETS,,0,0,ON,OFF,,N/A,0,ENABLE,SP15499060,
PERIGEL-D,SYP22,SYRUP,,65,0,ON,OFF,,N/A,0,ENABLE,SP15499060,
PERINORM INJECTION 2ML,INJ42,INJECTION,,5.13,0,ON,OFF,,N/A,0,ENABLE,SP15499060,
PG-NOR,TAB182,TABLETS,,179,0,ON,OFF,,N/A,0,ENABLE,SP15499060,
PIOTAB M30 SR 1TAB,TAB183,TABLETS,,0,0,ON,OFF,,N/A,0,ENABLE,SP15499060,
POLO-200 1_10,TAB184,TABLETS,,0,0,ON,OFF,,N/A,0,ENABLE,SP15499060,
PREDINORM-80,INJ43,INJECTION,,113,0,ON,OFF,,N/A,0,ENABLE,SP15499060,
PREGADOL-M75 SR 1TAB,TAB185,TABLETS,,0,0,ON,OFF,,N/A,0,ENABLE,SP15499060,
PREMAXO  INJ 1_1,INJ44,INJECTION,,0,0,ON,OFF,,N/A,0,ENABLE,SP15499060,
PULMOCEF-250 1TAB,TAB186,TABLETS,,0,0,ON,OFF,,N/A,0,ENABLE,SP15499060,
RABETAR-D TAB,TAB187,TABLETS,,0,0,ON,OFF,,N/A,0,ENABLE,SP15499060,
RABIL D,TAB188,TABLETS,,60,0,ON,OFF,,N/A,0,ENABLE,SP15499060,
RABIWIN.DSR 1_10CAP,TAB189,TABLETS,,0,0,ON,OFF,,N/A,0,ENABLE,SP15499060,
RABTRAN-DSR 1_10,TAB190,TABLETS,,0,0,ON,OFF,,N/A,0,ENABLE,SP15499060,
RANTINOL INJECTION,INJ45,INJECTION,,3.24,0,ON,OFF,,N/A,0,ENABLE,SP15499060,
RAVEFLOX-200 1_10TAB,TAB191,TABLETS,,51.5,0,ON,OFF,,N/A,0,ENABLE,SP15499060,
REBOZOL DSR,TAB192,TABLETS,,70,0,ON,OFF,,N/A,0,ENABLE,SP15499060,
REEZARD,TAB193,TABLETS,,345,0,ON,OFF,,N/A,0,ENABLE,SP15499060,
RHEUMANIL 1TAB,TAB194,TABLETS,,0,0,ON,OFF,,N/A,0,ENABLE,SP15499060,
RITE-O-CEF 100 1_10TAB,TAB195,TABLETS,,0,0,ON,OFF,,N/A,0,ENABLE,SP15499060,
RIVOGESIC -INJ 1_1,INJ46,INJECTION,,0,0,ON,OFF,,N/A,0,ENABLE,SP15499060,
RL INJECTION 500ML,INJ47,INJECTION,,49.74,0,ON,OFF,,N/A,0,ENABLE,SP15499060,
ROMICAL-D,TAB196,TABLETS,,78.88,0,ON,OFF,,N/A,0,ENABLE,SP15499060,
RUSTACE-SP,TAB197,TABLETS,,78,0,ON,OFF,,N/A,0,ENABLE,SP15499060,
RUVIT GOLD 4G 1_10,TAB198,TABLETS,,0,0,ON,OFF,,N/A,0,ENABLE,SP15499060,
SANDOL-P,TAB199,TABLETS,,59.8,0,ON,OFF,,N/A,0,ENABLE,SP15499060,
SB-XIME-O 1TAB,TAB200,TABLETS,,0,0,ON,OFF,,N/A,0,ENABLE,SP15499060,
SCOT MR,TAB202,TABLETS,,60,0,ON,OFF,,N/A,0,ENABLE,SP15499060,
SCOT-D,TAB201,TABLETS,,60,0,ON,OFF,,N/A,0,ENABLE,SP15499060,
SEFZONE T,INJ48,INJECTION,,125,0,ON,OFF,,N/A,0,ENABLE,SP15499060,
SERABEL-10,TAB203,TABLETS,,63.5,0,ON,OFF,,N/A,0,ENABLE,SP15499060,
SESTEC-D 1_10-TAB,TAB204,TABLETS,,0,0,ON,OFF,,N/A,0,ENABLE,SP15499060,
SISCORT-40,INJ49,INJECTION,,95,0,ON,OFF,,N/A,0,ENABLE,SP15499060,
SOLOPOSE-0.5 MD 1_10,TAB205,TABLETS,,0,0,ON,OFF,,N/A,0,ENABLE,SP15499060,
TENDASE,TAB206,TABLETS,,59.9,0,ON,OFF,,N/A,0,ENABLE,SP15499060,
TETANUS VACCINE INJECTION 0.5ML,INJ50,INJECTION,,0,0,ON,OFF,,N/A,0,ENABLE,SP15499060,
THIOKICK-AP,TAB207,TABLETS,,198,0,ON,OFF,,N/A,0,ENABLE,SP15499060,
TIZANIM 1_10TAB,TAB208,TABLETS,,0,0,ON,OFF,,N/A,0,ENABLE,SP15499060,
TRAM -P,TAB209,TABLETS,,73.5,0,ON,OFF,,N/A,0,ENABLE,SP15499060,
TRAM -PD 1_10TAB,TAB210,TABLETS,,0,0,ON,OFF,,N/A,0,ENABLE,SP15499060,
TRIB S 1.5 INJECTION,INJ51,INJECTION,,135,0,ON,OFF,,N/A,0,ENABLE,SP15499060,
TRIXIME-200 1TAB,TAB211,TABLETS,,0,0,ON,OFF,,N/A,0,ENABLE,SP15499060,
TRIXON L 2 1TAB,TAB213,TABLETS,,0,0,ON,OFF,,N/A,0,ENABLE,SP15499060,
TRIXON-L 1TAB,TAB212,TABLETS,,0,0,ON,OFF,,N/A,0,ENABLE,SP15499060,
TRUELIV TAB 1TAB,TAB214,TABLETS,,0,0,ON,OFF,,N/A,0,ENABLE,SP15499060,
TRYPSIS -MP 1_10,TAB215,TABLETS,,0,0,ON,OFF,,N/A,0,ENABLE,SP15499060,
UBINEXT -LC 1TAB,TAB216,TABLETS,,0,0,ON,OFF,,N/A,0,ENABLE,SP15499060,
ULTRAM 1_10TAB,TAB217,TABLETS,,0,0,ON,OFF,,N/A,0,ENABLE,SP15499060,
URIWIN-F 40 1_10,TAB218,TABLETS,,0,0,ON,OFF,,N/A,0,ENABLE,SP15499060,
URO- CATH 10 NO.,HOS28,HOSPITAL,,163,0,ON,OFF,,N/A,0,ENABLE,SP15499060,
URO- CATH 12 NO.,HOS29,HOSPITAL,,194,0,ON,OFF,,N/A,0,ENABLE,SP15499060,
UROXTAT 1TAB,TAB219,TABLETS,,0,0,ON,OFF,,N/A,0,ENABLE,SP15499060,
URXOALL-300,TAB220,TABLETS,,70,0,ON,OFF,,N/A,0,ENABLE,SP15499060,
VARULIV- DS,TAB221,TABLETS,,70,0,ON,OFF,,N/A,0,ENABLE,SP15499060,
VARUZYME -DS,TAB222,TABLETS,,70,0,ON,OFF,,N/A,0,ENABLE,SP15499060,
VASOGRAIN,TAB223,TABLETS,,86.1,0,ON,OFF,,N/A,0,ENABLE,SP15499060,
VERTISTAR MD-16 1_10,TAB224,TABLETS,,0,0,ON,OFF,,N/A,0,ENABLE,SP15499060,
VEXAFLAM 1TAB,TAB225,TABLETS,,0,0,ON,OFF,,N/A,0,ENABLE,SP15499060,
VEXAZYME SYRUP 200ML,SYP23,SYRUP,,0,0,ON,OFF,,N/A,0,ENABLE,SP15499060,
VIFOCAL PLUS,TAB226,TABLETS,,175,0,ON,OFF,,N/A,0,ENABLE,SP15499060,
VITANEO D3 INJ 1_1,INJ52,INJECTION,,0,0,ON,OFF,,N/A,0,ENABLE,SP15499060,
VITANEO D3 SACHET 1_1,TAB227,TABLETS,,0,0,ON,OFF,,N/A,0,ENABLE,SP15499060,
VITAZEB-M12 1_10TAB,TAB228,TABLETS,,0,0,ON,OFF,,N/A,0,ENABLE,SP15499060,
VITNEURIN AQ INJECTION,INJ57,INJECTION,,11,0,ON,OFF,,N/A,0,ENABLE,SP15499060,
VIVACAD 1_15 CAP,TAB229,TABLETS,,0,0,ON,OFF,,N/A,0,ENABLE,SP15499060,
VIVIAN INJECTION,INJ53,INJECTION,,19,0,ON,OFF,,N/A,0,ENABLE,SP15499060,
VLACE P 1_1,SYP24,SYRUP,,0,0,ON,OFF,,N/A,0,ENABLE,SP15499060,
VLACE P SYRUP,SYP33,SYRUP,,44.5,0,ON,OFF,,N/A,0,ENABLE,SP15499060,
VOLCIN-500 1_1,INJ54,INJECTION,,0,0,ON,OFF,,N/A,0,ENABLE,SP15499060,
VOVERAN 50 GE,TAB230,TABLETS,,94.5,0,ON,OFF,,N/A,0,ENABLE,SP15499060,
VRS,SYP25,SYRUP,,80,0,ON,OFF,,N/A,0,ENABLE,SP15499060,
VYACE-P,SYP26,SYRUP,,60,0,ON,OFF,,N/A,0,ENABLE,SP15499060,
WALLBACT-250,TAB231,TABLETS,,240,0,ON,OFF,,N/A,0,ENABLE,SP15499060,
WAYFER-XT SYRUP,SYP27,SYRUP,,180,0,ON,OFF,,N/A,0,ENABLE,SP15499060,
WINSOLIV SYRUP,SYP28,SYRUP,,90,0,ON,OFF,,N/A,0,ENABLE,SP15499060,
WYCEF-O SYRUP,SYP29,SYRUP,,0,0,ON,OFF,,N/A,0,ENABLE,SP15499060,
X-RICH,TAB234,TABLETS,,0,0,ON,OFF,,N/A,0,ENABLE,SP15499060,
XICAINE  INJECTION,INJ56,INJECTION,,26,0,ON,OFF,,N/A,0,ENABLE,SP15499060,
XIMBEL -500,TAB232,TABLETS,,300,0,ON,OFF,,N/A,0,ENABLE,SP15499060,
XOXE-250,TAB233,TABLETS,,301.29,0,ON,OFF,,N/A,0,ENABLE,SP15499060,
XYLOCAINE 2percent INJECTION,INJ55,INJECTION,,29.9,0,ON,OFF,,N/A,0,ENABLE,SP15499060,
ZEARIL SYP,SYP30,SYRUP,,0,0,ON,OFF,,N/A,0,ENABLE,SP15499060,
ZENOCEF SYRUP,SYP32,SYRUP,,0,0,ON,OFF,,N/A,0,ENABLE,SP15499060,
ZENOCEF-LB,SYP31,SYRUP,,0,0,ON,OFF,,N/A,0,ENABLE,SP15499060,
ZENTHRO-500,TAB235,TABLETS,,70,0,ON,OFF,,N/A,0,ENABLE,SP15499060,
ZEOCEF-200LB,TAB236,TABLETS,,140,0,ON,OFF,,N/A,0,ENABLE,SP15499060,
ZERODAL TH OD,TAB237,TABLETS,,172.98,0,ON,OFF,,N/A,0,ENABLE,SP15499060,
ZERODOL TH8,TAB239,TABLETS,,0,0,ON,OFF,,N/A,0,ENABLE,SP15499060,
ZERODOL-PT,TAB238,TABLETS,,0,0,ON,OFF,,N/A,0,ENABLE,SP15499060,
ZITROL-MAX,TAB240,TABLETS,,200,0,ON,OFF,,N/A,0,ENABLE,SP15499060,
ZOXICEF-LZL,TAB241,TABLETS,,0,0,ON,OFF,,N/A,0,ENABLE,SP15499060,
